Timestamp,Symbol,Entry_Price,Exit_Price,CVI_Entry,Queue_Clearance_Sec,Hold_Seconds,Outcome,PnL_Pct,PnL_USD,Fee_USD,Net_PnL_USD,Net_PnL_Pct
2026-09-28T18:00:28.542Z,BTCUSDT,83288.70,83810.75,2.40,14.8,90.0,"TIME_STOP_EXPIRED (Floor Broken)",0.6270,0.31,0.035,0.275,0.557
2026-09-28T18:05:42.110Z,BTCUSDT,82450.00,82862.25,3.85,6.8,24.5,"TP_HIT (Mean Reversion)",0.5000,0.25,0.035,0.215,0.430
2026-09-28T18:09:15.820Z,BTCUSDT,81920.00,82329.60,4.20,8.2,31.2,"TP_HIT (Mean Reversion)",0.5000,0.25,0.035,0.215,0.430
2026-09-28T18:14:02.405Z,BTCUSDT,83110.00,82777.56,2.90,18.4,90.0,"TIME_STOP_EXPIRED (Floor Broken)",-0.4000,-0.20,0.035,-0.235,-0.470
2026-09-28T18:18:30.912Z,BTCUSDT,82740.00,83153.70,3.95,5.3,18.6,"TP_HIT (Mean Reversion)",0.5000,0.25,0.035,0.215,0.430
2026-09-29T11:44:07.622Z,SOLUSDT,118.3113,118.9028,1.1,8.4,22,"TP_HIT (Mean Reversion)",0.5,0.25,0.04,0.21,0.43
2026-09-29T11:45:39.644Z,BNBUSDT,577.5967,579.3722,4.36,8.4,90,"TIME_STOP_EXPIRED (Floor Broken)",0.307,0.15,0.04,0.12,0.237
2026-09-29T11:45:43.647Z,XRPUSDT,0.5763,0.5777,4,8.4,90,"TIME_STOP_EXPIRED (Floor Broken)",0.241,0.12,0.04,0.09,0.171
2026-09-29T11:45:58.669Z,DOGEUSDT,0.141,0.1417,4.34,8.4,22,"TP_HIT (Mean Reversion)",0.5,0.25,0.04,0.21,0.43
2026-09-29T12:49:19.996Z,ETHUSDT,3085.2392,3100.6654,3.53,8.4,23,"TP_HIT (Mean Reversion)",0.5,1250,175,1075,0.43
2026-09-29T12:52:11.410Z,ADAUSDT,0.3501,0.3519,4.36,8.4,22,"TP_HIT (Mean Reversion)",0.5,1250,175,1075,0.43
2026-09-29T12:57:50.177Z,INJUSDT,20.9629,21.0677,3.53,8.4,22,"TP_HIT (Mean Reversion)",0.5,1250,175,1075,0.43
2026-09-29T12:59:12.856Z,WIFUSDT,2.4229,2.435,4.13,8.4,23,"TP_HIT (Mean Reversion)",0.5,1250,175,1075,0.43
2026-09-29T13:00:53.243Z,RENDERUSDT,5.5574,5.5852,4.53,8.4,21,"TP_HIT (Mean Reversion)",0.5,1250,175,1075,0.43
2026-09-29T13:01:57.554Z,KASUSDT,0.1365,0.1371,3.93,8.4,22,"TP_HIT (Mean Reversion)",0.5,1250,175,1075,0.43
2026-09-29T13:25:45.395Z,KASUSDT,0.1364,0.1371,3.21,8.4,60,"TP_HIT (Mean Reversion)",0.5,1250,175,1075,0.43
2026-09-29T13:31:45.401Z,NEARUSDT,4.7664,4.7902,3.49,8.4,60,"TP_HIT (Mean Reversion)",0.5,1250,175,1075,0.43
2026-09-29T13:34:45.403Z,FLOKIUSDT,0.1532,0.154,3.26,8.4,60,"TP_HIT (Mean Reversion)",0.5,1250,175,1075,0.43
2026-09-29T16:16:35.842Z,FLOKIUSDT,0.1533,0.1541,3.62,8.4,59,"TP_HIT (Mean Reversion)",0.5,1250,175,1075,0.43
2026-09-29T16:25:35.755Z,ADAUSDT,0.35,0.3518,3.76,8.4,60,"TP_HIT (Mean Reversion)",0.5,1250,175,1075,0.43
2026-09-29T16:34:35.787Z,TONUSDT,5.735,5.7637,4.3,8.4,59,"TP_HIT (Mean Reversion)",0.5,1250,175,1075,0.43
2026-09-29T16:36:35.859Z,ADAUSDT,0.3501,0.3518,4.17,8.4,60,"TP_HIT (Mean Reversion)",0.5,1250,175,1075,0.43
